Experimental_pIC50,Predicted_pIC50
5.379000381094069,6.236205
7.036212172654444,6.276479
5.203286936719104,5.4386377
5.7447274948966935,5.5644827
7.698970004336019,7.641267
4.0,4.5515614
4.747146969020107,4.361506
5.494850021680094,5.3272457
6.7447274948966935,5.8108044
5.0,5.512451
4.45717457304082,4.3903456
5.301029995663981,4.9814835
2.2882771081727653,2.869513
5.421360790031928,5.0412884
4.050609993355087,3.531838
4.267606240177032,5.919427
8.045757490560675,7.570793
5.381951903287908,5.7795496
4.835647144215563,4.9413414
4.0,4.0833235
6.494850021680094,6.6677465
6.920818753952375,7.2889223
7.075720713938118,6.906746
5.568636235841013,5.5301933
6.275724130399211,6.0903435
5.380906669373257,5.1437654
5.259637310505756,4.691191
5.35261702988538,6.305514
3.0,3.4105492
5.6777807052660805,6.0237083
5.982966660701219,6.295212
5.97061622231479,5.503808
4.6020599913279625,4.56434
5.180456064458132,4.7207365
5.253365801062421,5.194438
5.522878745280337,5.8173428
5.910094888560602,5.9208803
8.96657624451305,8.116346
6.522878745280337,6.416399
10.571055709964426,9.88163
4.86518562967954,4.76241
6.1249387366083,5.7561064
5.616184634019569,4.7955647
5.773400094792643,6.5504913
7.470056598341331,6.906746
4.038578905933552,4.802167
7.259637310505756,7.0710497
8.698970004336019,7.483185
6.091514981121351,5.4863043
5.96818772866963,6.0081434
4.522878745280337,4.384821
5.468521082957745,5.3092704
3.6989700043360183,4.239172
7.011307297450183,6.8412266
6.204119982655925,5.7430377
4.853871964321762,5.509444
5.0,4.942272
5.301029995663981,5.9698324
5.091514981121351,4.65396
4.826813731587726,5.132848
5.769551078621726,5.4059277
10.571055709964426,10.238574
5.3872161432802645,5.5196676
4.617622696531886,5.047575
7.67778070526608,6.6444836
5.0,5.6161366
5.0,6.11212
5.813891620186794,5.7795496
8.292429823902063,8.566306
7.468521082957745,7.5213146
6.112382699664264,5.865885
4.958607314841775,4.4067736
6.832682665251824,6.906746
4.5934598195660445,4.0284076
6.271646217978772,6.639323
3.1334763744671563,3.201531
5.910094888560602,5.856061
7.107905397309519,6.998124
5.026872146400302,7.693157
3.6989700043360183,3.7831907
5.0,4.5149655
6.7447274948966935,6.478586
7.011441043121384,9.172055
2.6675615400843946,4.3307266
5.460923901207224,4.861065
7.351639989019068,7.019102
9.30102999566398,13.395444
5.3872161432802645,3.4461856
3.408935392973501,5.9234896
4.567030709125595,4.7332754
5.429457060118103,6.151066
4.301029995663981,5.0533113
5.0,6.401328
7.110698297493689,7.3183594
6.770011163455189,6.93764
7.327902142064283,7.3536453
7.432973633840939,6.4903603
8.647817481888637,7.274791
8.4089353929735,7.6036367
7.013228265733755,7.288909
4.770062314092066,5.222565
7.5968794788241825,8.000665
7.057396751157843,7.003187
5.537602002101044,7.375867
6.6439741428068775,5.290776
4.381951903287908,4.4612455
5.301029995663981,5.235565
5.1249387366083,5.2049303
7.568636235841013,7.844013
5.44000006551306,5.433026
5.823908740944319,6.709383
5.301029995663981,5.6645803
6.146301788223825,6.283783
7.761953896871204,8.014003
6.832682665251824,8.494512
3.3845128816013417,3.9656935
7.554395796726403,7.2215223
7.319664486585436,6.3651257
8.118615343229427,8.77512
5.536107011014093,5.1943674
7.643974142806877,7.999543
4.508638306165727,5.1734076
4.696803942579511,4.2235384
5.060980223551334,5.791277
5.437707135543525,4.980302
3.59159042153157,3.4359016
5.2225731776106885,4.8650894
4.600000074606178,4.561966
6.403402904373539,6.7751656
4.6020599913279625,4.7457743
9.366531544420411,8.771502
4.777283528852417,3.9517
6.259637310505756,5.5875483
4.0,5.109498
5.529999886197673,4.401824
7.346787486224656,6.77452
5.431798275933005,5.7725344
4.578396073130169,4.7850065
4.982966660701219,5.911338
8.0,5.7738853
4.585026652029182,5.635145
4.357535479757878,4.3842688
6.703334809738469,7.417717
3.0,4.7385387
7.346787486224656,7.465577
4.277530614115969,4.1864085
6.221848749616356,6.906746
4.0,4.539588
6.787812395596042,6.3111324
6.11975822410452,6.998459
7.552841968657781,7.2215223
5.0,5.4985437
4.698970004336019,5.5499554
7.148130399270234,5.7838755
3.175353585281648,3.462364
3.910094888560602,3.78527
5.79317412396815,5.9277873
6.816104084614389,6.8276997
5.253365801062421,5.0143604
7.187086643357144,6.866623
5.585026652029182,6.310272
4.086239113587677,5.0642147
5.247951552180561,4.99485
6.300162274132754,6.2720785
5.749579997691106,5.560548
7.87942606879415,8.119048
7.0,7.2889223
6.6777807052660805,6.1244707
4.0,4.592287
6.473014931440004,5.251337
6.253365801062421,5.4502115
4.619788758288394,6.3127904
7.853871964321762,6.0656204
4.505845405981558,5.090205
5.101603954069991,4.4270983
5.703334809738469,4.9863396
6.2839966563652006,8.192112
5.229147988357856,4.191329
7.040005161671584,6.6334066
6.296708621881338,6.364423
4.980053318321158,4.944809
5.499999678657065,4.861065
4.399999967876858,5.441344
5.0,4.454628
5.937042165915489,6.2022324
5.6020599913279625,5.4378567
4.6777807052660805,3.7478724
4.8124792791635365,6.1371603
5.32000008377078,5.9181166
4.0,4.578518
5.337242168318426,5.550413
4.920818753952375,4.7997417
4.114638779968488,3.9611816
4.0,3.7862322
4.928999990234622,4.248872
7.415668775632469,8.073588
5.785156151952302,5.5746756
5.0,4.5283365
6.154901959985743,6.0936174
3.911999999739359,5.5048795
4.337242168318426,4.908219
4.090979145788844,4.444743
5.7447274948966935,5.761565
6.359995853468939,5.943184
5.679853713888946,7.025696
5.0,6.5975447
7.301029995663981,6.623167
6.11975822410452,6.1469693
5.0,4.7120867
6.742321425130816,5.097744
4.0,4.963916
4.589729035747816,4.8196526
5.314258261397736,7.0100384
5.0695604052333,4.0446243
7.920818753952375,6.1662626
5.1180450286604,4.3237295
8.829738284605043,8.565403
5.172630726946175,5.733979
5.0,5.1913204
6.6777807052660805,5.2012663
6.398624561708172,6.0149345
4.675717544702307,4.863955
4.87942606879415,4.9324617
4.8124792791635365,5.4257755
5.1249387366083,4.2729716
5.522878745280337,5.1604514
3.3872161432802645,3.705596
5.769551078621726,5.7696095
7.0,5.547818
4.761953896871205,4.7804575
5.0,4.7527437
7.013228265733755,6.5277863
3.939302159646388,4.211582
7.301029995663981,4.078171
4.935542010773082,5.058614
5.136677139879544,7.618616
5.335358024443875,5.54035
5.552841968657781,5.5571547
3.6989700043360183,3.869787
5.0,4.886632
7.397940008672037,6.5531397
4.600000074606178,4.518599
5.3769999834366455,5.393585
7.924453038607469,6.1160364
7.931072388317928,7.404832
4.301029995663981,4.3614063
8.812479279163536,8.570052
4.958607314841775,5.014925
3.585026652029182,3.5277827
4.318487413361038,3.6297092
6.095825631715837,5.2749667
5.0,5.704606
5.87942606879415,5.8518553
5.356547323513812,5.6633215
3.379343520180379,3.185676
7.744727494896693,7.4017553
5.070581074285707,5.0371666
4.863279432843593,5.006456
5.939302159646388,5.956797
5.459670525209126,5.025693
6.42021640338319,7.4406595
5.689999562814496,5.6139574
6.4089353929735005,6.392701
4.341511618690983,4.9021215
6.770062314092066,6.877945
4.962175249411658,5.3277526
6.346787486224656,5.754228
4.0,4.2890406
5.039529222465701,4.560357
6.42021640338319,6.860813
4.823908740944319,5.1277676
4.256960845195067,3.9163127
4.301029995663981,4.5945406
4.953895212753961,4.932206
8.332547047110046,5.58218
6.455931955649724,5.698634
6.185752404268079,6.8735037
5.236572006437063,5.2954245
6.376750709602099,4.4980183
7.2839966563652,7.2051735
5.740000204918113,6.0804625
5.296708621881338,5.305306
4.212539525481585,4.273977
6.431798275933005,6.2183304
10.571055709964426,9.357854
7.657577319177793,7.483185
7.443697499232712,7.2132444
6.651695136951839,6.3896656
6.651695136951839,6.40835
7.397940008672037,7.3837194
4.154901959985743,4.1965137
8.113509274827518,7.7116585
9.154901959985745,8.819043
3.907384609058445,3.5519204
7.376750709602099,7.483185
3.585026652029182,3.4477332
5.0,5.423752
5.300000202445418,5.4194956
7.450996737974212,6.6553373
7.823908740944319,7.603077
4.480172006224281,4.804378
5.920818753952375,4.2823305
5.161150909262744,4.8593807
6.958607314841775,8.29521
5.20690839982342,4.9705877
3.113509274827518,3.0306108
6.721246399047171,5.987302
5.8297382846050425,5.503681
7.096910013008056,6.5531397
8.55284196865778,7.6890755
4.7447274948966935,4.8122063
7.221848749616356,7.0584087
6.882728704344236,6.906746
4.0,4.2853794
6.542118103266008,6.325757
4.609999985082743,5.295474
5.308034897232639,6.8451595
6.490797477668897,6.2335196
7.522878745280337,7.558998
1.6140000000131804,0.75166726
5.008773924307505,5.311657
6.077793722560983,6.2494755
4.0,4.0562367
6.568636235841013,6.906746
7.096910013008056,4.9853907
4.292600168866751,4.877735
6.4089353929735005,6.0019245
5.060480747381382,5.268766
5.663540266151471,7.7631216
4.4089353929735005,5.240801
5.0655015487564325,5.315991
5.404503778174426,6.187602
4.651500429716163,4.7518654
4.4699284311626215,5.506937
8.638272163982407,3.5774972
5.657577319177793,5.5348015
6.0762380391713,5.1868334
4.906578314837765,4.391346
3.326999996677582,4.4105225
6.091514981121351,5.976273
6.069050968832477,6.9886713
4.769551078621726,4.3556757
7.443697499232712,7.6068783
6.400007822415902,6.801483
6.488116639021126,6.709568
6.229147988357855,4.1706376
7.471468939364589,7.332082
4.698970004336019,3.9964156
5.247183568811729,5.5023265
6.853871964321762,6.366523
5.853871964321762,5.3603754
5.142667503568732,5.250638
4.657577319177793,4.341454
5.280502983389418,6.633193
4.585026652029182,4.0402346
5.585026652029182,5.6463614
6.455931955649724,5.8263617
7.301029995663981,6.057291
8.247951552180561,8.345269
4.527243550682788,4.9854603
5.120904120499927,5.443824
4.3851027839668655,5.209818
7.337242168318426,6.442522
5.743522793758324,6.794198
4.552841968657781,4.07681
5.749579997691106,5.0184216
5.0,4.754258
7.494850021680094,7.82395
5.533132379645891,8.77512
10.5815329790534,9.293908
5.262012673666569,5.5682955
4.0,3.9116192
6.721246399047171,6.906746
5.110000065251387,4.1710777
5.167491087293763,5.0537376
7.397940008672037,7.2215223
4.767003889607846,5.3712006
6.823908740944319,6.2992105
6.630969778190847,7.236
7.581698708680254,6.725765
4.259637310505756,3.9018612
5.381951903287908,5.7795496
7.259637310505756,6.9632645
5.559090917934782,5.2218227
6.301029995663981,6.906746
6.580044251510242,6.2543383
6.636388020107856,7.473158
6.22548303427145,6.8227043
8.096910013008056,7.901354
4.489454989793388,4.399288
6.866461091629782,5.8731794
7.130768280269024,6.2506332
6.3979400086720375,6.586828
6.008773924307505,5.522023
6.376750709602099,6.6267366
5.247951552180561,5.5578213
6.0655015487564325,6.1639442
4.846490010699163,4.787567
14.30102999566398,13.395444
4.899629454882437,5.128688
6.510041520575165,6.135356
6.6595558851598815,6.4138336
7.853871964321762,7.7628756
8.387216143280265,7.7989893
4.707743928643524,8.2635
14.30102999566398,11.718349
7.0,7.3850813
5.481486060122113,6.4835052
6.481486060122113,6.670499
6.393618634889395,6.2640724
4.0,4.3407984
5.746661994673894,6.013714
2.6655462488490693,4.929599
6.493494967595128,7.644891
5.0,5.412798
5.346787486224656,3.945348
8.935916564036404,8.618902
3.6989700043360183,3.8005176
5.301029995663981,5.081954
7.200659450546418,7.650052
7.045757490560675,6.906746
6.0,6.0743065
7.481486060122112,7.01818
7.795880017344075,5.4065647
5.7447274948966935,5.6090155
8.675717544702307,8.197761
4.586532587014175,4.659932
8.118615343229427,6.9438114
5.366531544420414,6.725871
5.008330992620051,6.670125
8.045757490560675,7.7074776
4.045757490560675,5.5875483
4.0,4.1834316
6.245651664288981,6.230213
4.154901959985743,4.091591
5.522878745280337,5.262231
4.21339052735134,3.7154236
9.443697499232712,9.118489
4.050609993355087,3.88614
7.698970004336019,7.381428
7.72584215073632,5.6271057
8.096910013008056,6.4259367
3.359518563029578,3.8577638
7.750557038557417,7.483185
5.0,5.211025
8.500038134403809,7.7407255
5.0,5.449975
5.195111255377609,6.7468004
6.0,6.4806986
6.221848749616356,5.5875483
5.522878745280337,5.512034
5.0,4.887539
6.920818753952375,6.845499
9.130768280269024,8.819043
4.810229043653126,4.422674
5.876148359032914,5.5814786
7.38933983691012,5.878188
7.207608310501746,5.272641
7.590066876668706,7.5069704
5.721246399047171,4.637421
3.6989700043360183,3.8727632
7.0,7.4801226
6.522878745280337,6.906746
6.718966632752273,6.447357
4.698970004336019,5.224926
6.073143291050307,4.473844
4.301029995663981,3.9313571
6.408712734941501,6.49407
4.357535479757878,4.3842688
5.146910470148135,5.1205273
8.301029995663981,7.4215355
7.154901959985743,6.5870667
3.3010299956639813,3.3871589
8.377785977033705,8.602848
5.0,4.708474
4.235077015350112,3.965551
4.089375595110798,4.2135854
8.189767482004916,8.260416
5.537602002101044,5.6090155
7.617982957425132,8.000665
4.0,4.080189
4.0,4.0716896
5.8996294548824375,5.8314075
6.4089353929735005,6.427492
5.1487416512809245,5.1800833
3.6989700043360183,3.4846494
6.040958607678906,5.8495626
3.676129393459491,3.7300797
3.0,2.9988945
5.059483515067432,5.129909
5.3979400086720375,5.648488
8.022276394711152,8.110079
10.045757490560677,9.551908
4.301029995663981,4.0600557
5.341035157335565,5.1210318
5.187086643357144,5.7795496
7.209996479609511,6.799821
5.61261017366127,5.6698513
4.301029995663981,5.053231
5.0,5.635441
4.798602875679548,5.0143604
8.019996628416253,5.2943993
3.853871964321762,3.8822284
4.001304841688344,6.3768663
4.0,3.8728127
4.522878745280337,4.819788
5.815308569182402,5.2777557
4.764471553092451,4.7695036
4.853871964321762,5.219466
6.136677139879544,6.125266
6.226945306635737,6.6942463
5.42021640338319,5.726967
4.823908740944319,9.732777
8.619788758288394,7.8913574
6.204119982655925,5.9068623
5.376750709602099,5.295083
4.0,3.6586456
3.938886946082021,3.9141374
4.489999942195333,4.9605646
5.412289034981089,5.5603495
5.058488567365597,5.250843
4.6020599913279625,5.0157986
6.10768273927752,6.2923546
4.101823516502323,7.8357906
4.978810700930062,5.1277676
6.096910013008056,6.0703354
6.770011163455189,6.7833023
4.943095148663527,4.97612
4.167491087293763,4.16167
3.6989700043360183,4.5408897
5.0,4.524745
5.366531544420414,5.4023514
3.4116610527660463,3.849365
10.154901959985745,8.294715
6.886056647693163,6.420165
6.096910013008056,5.9169083
6.262807357295262,6.206005
6.886056647693163,6.14235
6.482804102050026,6.6877556
5.386158178123931,5.5888586
7.397940008672037,5.929261
7.853871964321762,7.285964
6.0655015487564325,5.59461
5.885055584287415,5.8470364
7.207608310501746,7.4773493
3.2011422682525144,3.1788955
4.876475019057268,5.733979
8.240030142445693,8.23604
7.392544976785332,8.07836
6.698970004336019,6.906746
6.55129368009492,6.56339
5.468521082957745,5.319074
5.600326278518962,5.6693
4.0,3.9557457
7.739928612014925,8.345269
6.022276394711152,5.18707
4.645315446045271,4.7116947
3.196065150136158,3.0471835
9.10790539730952,8.819043
5.732828271596986,5.3389354
5.00788851221305,4.610362
5.3872161432802645,4.892744
5.453457336521869,5.5875483
4.696803942579511,4.4421263
5.266642212074415,5.7158484
6.086186147616283,6.464307
7.7594507517174,8.77512
8.196542884351587,7.621518
7.759950227887352,7.6130533
6.653647025549361,6.353284
4.638272163982407,4.847803
3.5991685508837747,4.2048264
5.0695604052333,4.98392
4.465973893943865,4.5313463
6.275724130399211,5.355625
7.302770657240282,6.243268
6.769551078621726,6.263403
9.522878745280336,8.742247
5.0655015487564325,5.294348
5.7447274948966935,4.2844305
6.653647025549361,6.816883
6.070581074285707,6.28979
5.0,4.9109735
5.507239610973162,6.5552645
7.251811972993799,7.844013
8.148741651280925,8.221569
4.698970004336019,4.5928917
7.585026652029182,7.2851753
6.341988603342887,6.7809114
8.309803919971486,8.299954
5.90622821850127,5.690667
7.795880017344075,7.650052
6.900008766455316,7.396509
4.167746629802992,3.9495091
4.690369832574101,4.206316
4.0,4.0388427
6.819988880942282,7.687005
6.073143291050307,7.292553
6.869988050328096,7.441003
4.267606240177032,4.3182697
4.388276691992658,4.211046
7.0,7.362219
9.096910013008056,7.683964
4.110000009303415,4.7536745
7.313363730737707,6.2820144
3.693639317138949,5.2580223
8.537602002101044,7.2215223
7.380906669373257,7.0715456
4.759700417997287,4.8946857
6.769551078621726,6.260052
4.1938200260161125,4.3175526
9.161150909262744,8.819043
6.798602875679548,6.9246235
5.769551078621726,7.3536453
7.638272163982407,7.483185
6.586700235918748,5.44915
7.119186407719209,6.9161797
5.866461091629782,4.9701166
8.309981219211304,8.112486
9.51999305704285,8.400425
8.200659450546418,8.859035
7.880084589742009,7.9988804
7.739928612014925,8.441225
5.616184634019569,6.3696423
3.894149325614857,3.3540826
6.599997654072044,6.906746
6.795880017344075,4.990603
4.247999980636995,5.630803
7.744727494896693,5.7828274
6.83000246293343,6.0602074
4.022276394711152,3.9446566
6.221848749616356,6.7702427
7.102372908709558,6.906746
5.253365801062421,5.194438
6.301029995663981,5.5875483
3.0,3.1788955
6.199998172182031,5.918844
6.209996479609511,6.24671
4.577902836868289,4.7982564
7.744727494896693,6.91201
5.443697499232712,4.827855
2.585026652029182,3.863608
6.033389013318065,6.906746
6.886056647693163,6.9098463
5.136677139879544,5.214979
8.48678239993206,8.853486
5.045275209020937,4.903736
7.853871964321762,8.048074
5.101823516502323,5.3534536
2.7682756166714837,3.4220767
3.0,3.4763343
3.431329021990104,3.3162022
4.769999911123512,5.247629
4.786747947803604,4.8088017
7.301029995663981,6.623167
5.7121982700697735,5.990939
6.847711655616943,6.5888634
7.236572006437063,7.152253
6.167491087293763,5.708626
6.505149978319906,6.7316427
6.345698291498519,5.9157043
5.886056647693163,6.0953326
5.420000452721523,5.429837
8.14002155835798,8.064216
6.6777807052660805,5.929414
5.536107011014093,4.9705877
4.971428747307463,4.4812202
3.508204228686409,4.3621664
7.820161071976813,8.225037
6.075720713938118,5.9339714
7.350665141287858,5.8497105
5.190000154058473,5.4573765
6.7447274948966935,6.8818884
5.366531544420414,5.7083054
4.301029995663981,4.2060804
5.443697499232712,5.228859
5.6777807052660805,5.79914
7.787812395596042,8.205736
7.221848749616356,7.483185
5.835647144215563,6.026795
5.935542010773082,5.243778
6.177831920631983,6.8797026
4.0,4.753215
6.494850021680094,6.364876
3.939302159646388,4.574116
5.6020599913279625,6.2374077
5.823908740944319,6.0165024
5.698970004336019,5.5132227
5.838631997765025,6.1259727
5.455931955649724,4.5504537
4.0,4.0379705
7.698970004336019,7.0563927
6.31140222491883,6.1992087
4.0,3.6770236
4.0,4.170665
6.301029995663981,6.3929224
5.327902142064283,5.4702806
3.750826110592888,5.786646
6.890759031411797,6.7892494
4.251811972993799,4.496582
8.0,7.718417
5.0,5.3382196
4.162411561764489,4.550397
4.6020599913279625,4.8443456
5.79317412396815,5.0996885
6.1487416512809245,5.918844
5.0,4.467181
7.259637310505756,6.363824
6.170001911302621,6.66483
6.815308569182402,6.7004375
6.129011186239425,6.2115045
8.096910013008056,8.241936
7.67778070526608,6.825757
6.091514981121351,6.182353
7.062482107982653,6.5336
8.443697499232712,8.77512
7.759950227887352,7.46288
5.301029995663981,4.784361
5.0,5.158242
3.2019999991794243,4.792428
7.221848749616356,7.489151
10.0,12.98299
7.075720713938118,6.92937
5.125518182300533,5.9954996
4.883724412419456,4.87889
3.6989700043360183,3.3054357
7.100015437450609,6.700204
5.0,4.9209566
7.422508200162775,7.536873
4.525783735923745,4.7639923
7.455931955649724,7.683964
4.055517327849831,5.587717
5.714442690992226,5.762803
3.5570501304221382,3.681231
6.844663962534939,7.036357
3.6989700043360183,3.8038378
5.568636235841013,5.79825
5.346787486224656,5.9201703
8.193820026016112,8.3983345
7.91721462968355,8.432413
4.583359492661719,4.760111
5.036212172654444,5.2469397
5.0,5.170968
9.721246399047171,8.937859
8.097018600202498,6.943117
7.107905397309519,7.006837
10.0,10.0668335
9.23807216157947,5.4597654
5.769551078621726,4.3746433
6.136677139879544,5.7537117
4.698970004336019,5.3962717
4.736363931411892,3.7654266
9.69897000433602,9.01828
5.659159450187668,5.526805
6.568636235841013,3.9376118
8.452225294612177,8.602848
5.173277479831008,6.512973
3.5228787452803374,3.5784814
5.517126416391246,5.3962717
4.063134541024377,5.440153
5.142667503568732,5.394991
6.0,6.119373
8.809668301829708,7.6208305
7.00788851221305,6.4594564
8.397940008672037,7.483185
4.161150909262744,4.945821
6.221848749616356,5.0996885
3.0,2.9348598
5.698970004336019,5.5875483
2.9913998282380825,4.4552517
5.0,5.133091
4.73754891026957,4.8685303
6.0343280287798935,6.693056
7.716698771296451,6.9390507
7.906578314837765,7.5932837
5.221848749616356,5.5096645
5.004935465843858,7.2215223
5.657577319177793,6.0439596
4.508638306165727,4.813856
4.0,5.221857
5.669586226650809,5.622987
6.050609993355087,6.041788
6.896196279044043,6.4293547
3.3010299956639813,4.5075636
2.605548319173784,5.1706057
7.270025714300444,7.6055946
5.628932137728263,5.272667
7.849857838151442,7.2215223
5.221848749616356,4.9718647
3.853871964321762,4.9641023
5.221848749616356,4.5873795
5.694648630553377,4.8785696
7.958607314841775,7.483185
4.0,4.273636
6.920818753952375,7.1352425
5.503070351926785,6.5188837
5.958607314841775,5.715831
5.431798275933005,5.2264957
4.221848749616356,4.054449
7.792904459580782,7.7165394
3.872895201635192,3.9428084
4.346787486224656,3.8617377
6.721246399047171,6.864417
6.5934598195660445,6.199444
5.555955204081924,4.779323
6.001304841688344,6.1639442
8.015022873584506,7.566107
2.813467435407603,4.010418
5.8124792791635365,6.6992655
5.251811972993799,5.1727133
5.480172006224281,5.6618752
8.744727494896694,9.239377
4.634512015109101,4.621009
5.522878745280337,5.255727
5.0,5.2683954
6.040958607678906,4.3593073
6.519993057042849,6.3146973
4.529295570277212,4.265874
5.101274818410507,4.842368
4.167491087293763,4.7813888
6.664863174628375,6.6748695
5.289036881004725,4.958082
5.6020599913279625,5.056925
8.1890957193313,8.407735
7.494850021680094,7.472601
8.97061622231479,8.819043
5.055024091587952,6.704565
5.362110183419209,5.6808558
7.36997914888659,7.637313
9.0,5.4609623
7.214670164989233,7.2215223
8.602059991327963,8.9984255
7.259637310505756,6.0363655
5.196542884351586,6.494791
5.269999835325842,5.824422
5.0,5.46589
8.027010773144651,7.8214293
5.259637310505756,5.1919904
5.694648630553377,5.6837225
5.301029995663981,5.92015
5.494850021680094,5.5875483
5.0655015487564325,5.2640076
5.714442690992226,5.300826
6.823908740944319,6.818983
4.619788758288394,4.7493505
8.866461091629782,6.0503254
6.187086643357144,5.5600595
1.3045183235098026,5.8081417
6.568636235841013,6.139305
4.490797477668897,4.740982
4.303381540767775,4.2553153
6.698970004336019,6.7702427
6.795880017344075,5.716934
5.309803919971486,6.423005
6.091514981121351,5.3727055
6.229147988357855,5.9536495
4.0,3.6388621
5.30189945437661,5.482771
6.799998134593398,6.3863525
5.498940737782249,5.945898
3.0,3.0089688
7.603800652904264,6.7747993
6.292429823902063,5.4786134
4.193141970481182,5.1924314
9.096910013008056,8.856347
4.376750709602099,4.655428
5.100000128334196,5.096136
6.200659450546418,5.3692045
6.721246399047171,6.906746
6.892790030352131,7.2215223
4.267606240177032,3.531838
7.2839966563652,6.943617
6.41999931041096,3.993994
6.42021640338319,6.0602074
9.045757490560677,6.7279415
5.178486471595227,5.7795496
8.240030142445693,7.934252
4.449771646944906,4.949958
5.292429823902063,5.7332487
4.562249437179612,4.5441093
6.673050005834001,6.989436
4.723308471154961,4.851632
5.3400001801593495,5.0879908
6.698970004336019,6.842432
4.301029995663981,4.4779134
6.0,4.4833636
6.913640169325252,6.360222
8.58335949266172,7.60172
3.872895201635192,3.7383099
6.769551078621726,5.7252927
8.161150909262744,7.82487
3.501138311007116,4.152389
5.87942606879415,5.4300613
5.0,6.541175
5.0,6.1465855
10.366531544420411,6.7702427
8.304518323509802,7.3360424
6.372634143407267,6.906746
9.596879478824182,8.666857
6.214670164989233,5.929261
4.480000028175458,4.363206
4.661543506395395,4.565356
5.714442690992226,5.3505106
4.508218224415835,4.442319
7.428291168191312,5.108729
6.739928612014925,6.112095
6.154901959985743,5.8395977
4.937418015771837,4.6184206
5.194363233694065,5.8065567
3.6989700043360183,3.6727252
7.962573502059376,7.5843306
9.154901959985745,9.110743
2.938924676370208,3.4632545
4.3979400086720375,4.811498
4.547600154088558,4.798253
5.882728704344236,5.056925
4.7544873321858505,4.7024155
7.522878745280337,6.7625637
5.95999928552668,6.0672226
7.655607726314889,6.1792274
6.089375595110798,7.076334
4.698970004336019,5.2383423
6.279014255846261,6.4380617
6.00436480540245,6.917266
8.443697499232712,8.529025
4.301029995663981,5.0282326
6.170053304058364,5.8263617
6.0,6.4564905
6.0,4.9141073
3.6989700043360183,3.8204415
7.61136603064821,7.103367
5.522878745280337,5.5207415
4.97061622231479,5.7161493
5.886056647693163,4.8446703
6.329995488683631,6.460575
3.860120913598764,4.0017023
5.823908740944319,5.5103164
5.82102305270683,6.1897464
4.202040356262804,4.403067
3.8109871953997594,4.9973316
7.943095148663527,8.110079
4.600000074606178,4.6227865
4.0,4.305361
4.0,3.9499774
7.58838029403677,7.6581078
5.0,6.740822
6.301029995663981,6.1226645
8.443697499232712,8.777915
5.0,5.8344793
4.847711655616943,4.790694
4.494850021680094,4.892667
7.995678626217358,7.6128206
3.4814860601221125,3.6034927
6.732828271596986,6.3030415
8.55284196865778,7.8365746
5.279840696594043,5.331176
5.721246399047171,5.7795496
6.886056647693163,6.5870667
7.795880017344075,7.483185
7.066006836168758,6.695611
2.622000000529848,3.5056663
5.35261702988538,5.3819227
6.271646217978772,6.554264
6.910094888560602,6.1883755
5.638272163982407,5.9020233
5.3979400086720375,5.477772
5.0,5.2503195
6.772113295386326,6.6334066
5.086186147616283,5.1914606
5.0,4.939108
5.250681178668897,4.5749817
7.110026361596004,6.275753
8.108462542327436,7.6208305
5.0,4.659253
7.481486060122112,6.3712473
3.7907531512466255,4.331065
5.009661145212399,5.0700655
5.882728704344236,5.7612724
5.894489815230026,5.6143208
3.0,4.111945
6.795880017344075,6.6689816
6.508638306165727,7.4601173
8.809668301829708,7.6208305
7.291579099865287,8.339045
6.958607314841775,6.906746
2.530177984021837,4.401824
5.928117992693875,6.21896
7.363512103646634,6.374525
7.847711655616943,9.075174
7.42021640338319,7.65821
7.422163658707256,7.3357677
5.309803919971486,5.236039
7.9186526921958675,8.198513
8.568636235841012,7.263212
5.470313046227084,5.6358347
6.624519285381427,8.207779
8.0,7.6169405
3.0734003460929724,4.2604833
7.301029995663981,6.6687183
5.381951903287908,5.7795496
6.054039296422431,6.16621
7.657577319177793,7.4215355
7.387216143280264,7.5811396
3.5578966780685435,4.3046165
3.161000002416256,2.2970388
7.040958607678906,5.6825924
5.116338564846382,4.6200085
4.096910013008056,4.3207626
9.4089353929735,8.270941
7.79997073344623,8.17658
2.993533957750768,5.554627
8.853871964321762,9.208644
7.519993057042849,7.5436516
3.896196279044043,4.0477104
7.2839966563652,7.241273
5.0,5.038187
8.712198270069774,6.9228334
4.568636235841013,4.8230305
5.301029995663981,5.668253
8.03905380426617,8.733781
6.8683813356508745,6.538272
7.540004743952609,5.3511763
4.899629454882437,4.6130385
7.327902142064283,7.483185
9.309981219211304,7.56688
8.048662481204083,8.664439
5.0,6.0848207
6.795880017344075,5.401414
7.113509274827518,6.906746
8.721246399047171,8.666388
6.272458742971444,6.906746
6.449771646944906,5.5875483
5.121478204498794,7.483185
4.624153563690844,5.551094
6.6020599913279625,6.264633
6.522878745280337,3.6506524
5.954677021213342,4.9705877
4.698970004336019,4.2216415
4.899629454882437,5.1106834
4.134777543709821,5.067336
4.301029995663981,4.5343666
6.698970004336019,6.906746
3.196542884351586,3.4398658
9.82390874094432,7.578376
5.002613615602686,4.79578
7.38933983691012,5.878188
6.958607314841775,8.205577
5.356547323513812,5.5819216
6.966576244513051,7.0318995
6.1249387366083,4.422743
5.950781977329818,6.08533
5.522878745280337,5.5207415
5.0,5.475665
6.721246399047171,6.226109
5.0,4.818331
6.267606240177032,5.8576384
5.105683937315561,4.4877415
7.200659450546418,6.5325356
7.101713721410877,6.9296618
5.381951903287908,5.7795496
8.096910013008056,6.943117
3.050609993355087,3.611052
7.697885623043799,6.811227
6.070581074285707,6.462241
5.0,7.4966793
5.346787486224656,4.05346
3.3010299956639813,5.650959
6.481486060122113,6.1648912
6.599997654072044,6.906746
7.041006334969674,6.7702427
6.009661145212399,6.7790384
3.995678626217357,4.4312096
4.94692155651658,5.058614
7.468521082957745,7.6344757
7.337242168318426,7.012553
7.800793520838342,7.3811464
4.301029995663981,4.851832
9.2518119729938,8.844742
4.0,4.593296
5.761953896871205,6.179884
5.798602875679548,5.7475634
5.937042165915489,5.5875483
6.455931955649724,6.906746
5.958607314841775,5.855941
6.096910013008056,5.5875483
7.431798275933005,7.104431
3.122225650008602,3.1120243
5.7447274948966935,5.6112194
6.657577319177793,6.5808067
5.886056647693163,5.5875483
5.309803919971486,6.5769453
6.886056647693163,6.906746
9.366531544420411,8.819043
5.6020599913279625,4.6752586
5.982966660701219,5.9322243
4.453951133598266,4.4389887
6.468521082957745,6.551442
5.540607512240769,5.8732014
4.516270100999976,7.2799664
7.73754891026957,7.207966
6.493494967595128,8.819043
4.698970004336019,4.4196997
4.159999981744464,4.470396
4.782516055786093,5.3678856
5.142064735280571,5.6259966
6.036684488613889,5.9938517
6.045757490560675,6.2928267
6.769551078621726,6.7833023
4.522878745280337,4.307219
4.0,4.167989
6.4723700991286615,6.0189705
5.307417437725091,5.408003
5.267606240177032,4.9814835
4.267606240177032,3.778718
9.455931955649724,10.0784855
7.866461091629782,8.771502
7.709520186669327,8.452512
5.0,5.258963
7.187086643357144,6.6163254
5.101823516502323,4.4985933
4.529295570277212,4.4949656
9.61261017366127,8.241657
4.806875401645538,4.805416
6.481486060122113,5.7082386
5.492144128304169,5.296916
4.0,4.976452
5.094204119632131,5.817986
5.861066059743076,5.8205504
6.021363051615525,6.1772113
4.111259039317107,5.376918
6.886056647693163,6.9098463
8.647817481888637,8.408756
7.67778070526608,7.710602
4.900664722314042,5.020859
5.847711655616943,5.8390236
8.045757490560675,7.483185
4.301029995663981,4.8630686
8.10292299679058,8.499845
6.920818753952375,6.471236
5.79317412396815,5.8830624
8.177178354696895,8.024533
6.856985199745905,7.2290525
4.310000017174303,5.188656
5.413412695328245,5.324481
5.991399828238082,5.7345643
5.309803919971486,5.715016
4.522878745280337,4.6480474
7.013228265733755,7.794075
7.160019442321658,6.846697
9.221848749616356,9.260495
6.0655015487564325,5.375371
6.059682778425782,7.033305
7.301029995663981,8.044438
4.480000028175458,4.7121916
5.376750709602099,6.236205
8.522878745280337,7.8987474
6.2839966563652006,7.1495094
4.958607314841775,5.9995136
5.7447274948966935,5.319354
8.0,5.2451525
6.476253533188435,6.388093
5.204119982655925,4.6404705
5.318758762624412,5.311482
5.384997385475412,5.379151
6.229147988357855,6.4891195
6.468521082957745,6.5718956
7.750068243365805,7.2215223
5.6252516539898965,5.64256
7.207608310501746,7.415867
6.376750709602099,6.45292
4.671620396561262,4.613122
9.657577319177792,7.483185
5.679853713888946,5.5875483
5.434270212168873,5.0771537
6.537602002101044,7.02283
7.522878745280337,4.976452
6.080921907623926,6.8721333
6.552841968657781,6.1517115
4.60977163753087,4.7063093
4.906578314837765,4.9660254
7.744727494896693,8.250077
6.838631997765025,6.5281715
7.522878745280337,6.891444
8.853871964321762,8.958101
6.434152181326482,6.0055366
6.632644078973981,7.013114
6.356547323513812,5.853616
5.950781977329818,6.0749655
3.283996656365201,3.4245884
6.075720713938118,5.7405176
2.6556077263148894,3.1319087
6.795880017344075,6.7745094
6.692503962086787,6.568198
4.5934598195660445,4.560816
7.443697499232712,7.012553
7.351639989019068,7.019102
8.0,7.483185
6.072116589669293,5.4857492
4.608535588160897,4.5725513
6.096910013008056,6.584422
4.47755576649368,5.0079365
4.301029995663981,4.47155
9.522878745280336,8.742247
6.154901959985743,6.354471
5.468521082957745,6.182353
5.696803942579511,5.5875483
5.154901959985743,5.0300217
5.7447274948966935,6.0325356
5.920818753952375,5.32716
5.855737226238009,6.993331
4.889410289700751,4.1485405
8.0,7.3837194
7.267525822718807,7.9448357
6.35261702988538,5.4994802
6.987584625237567,8.558226
7.552841968657781,7.2215223
6.056001243480467,4.184962
5.0,4.8616533
7.522878745280337,7.483185
7.721246399047171,3.8727312
7.167491087293763,6.866104
6.060480747381382,5.9445486
5.7544873321858505,5.333868
7.838631997765025,8.819043
5.414539270491499,5.0253115
5.0,5.7364645
4.838631997765025,5.7177067
7.236572006437063,6.799821
5.4239997682525205,5.1862535
3.585026652029182,4.2506256
4.301029995663981,5.1960783
4.202040356262804,4.5206633
7.931814138253839,8.251531
5.1249387366083,5.1311007
4.585026652029182,4.7403045
5.280000380871156,4.3105106
6.823908740944319,6.9734373
6.585026652029182,5.4376154
6.537602002101044,6.587964
6.585026652029182,7.3536453
3.6989700043360183,5.847639
7.096910013008056,7.757001
4.0,4.002286
5.136677139879544,4.970768
8.108016769148033,8.044944
6.866461091629782,6.7055454
7.161780778092374,7.6344757
4.856360764725457,4.7697315
5.252588192113577,5.3135695
8.809668301829708,9.156707
7.886056647693163,8.393632
5.728158393463501,5.686621
3.0,3.0349083
7.101823516502323,7.8357906
4.318758762624412,5.7795496
6.342944147142896,6.8951015
6.638272163982407,6.906746
8.221848749616356,7.1490974
6.4215900296687645,5.848637
9.326979092871104,8.666857
7.221848749616356,6.308791
8.244125144327509,7.483185
4.301029995663981,4.316679
5.962573502059376,5.721281
5.547753425479563,5.760886
5.913640169325252,4.5522146
4.0,3.446805
8.26440110030182,7.9080286
8.928117992693874,7.332082
7.349984047528161,5.3985243
5.856985199745905,4.7978954
9.019996628416251,9.088152
4.950781977329818,5.125972
4.443697499232712,4.337486
4.267606240177032,4.120941
5.226945306635737,7.6208305
6.275724130399211,6.0903435
5.374687549038326,5.9244256
3.886056647693163,3.352212
4.864009153078375,5.181347
5.265200170411153,6.44291
4.180456064458132,3.531838
7.026872146400302,7.3121777
8.240030142445693,8.264103
10.309803919971486,7.483185
5.346787486224656,5.9201703
7.00436480540245,7.348275
7.645891560852599,6.949726
8.086186147616283,7.483185
4.096910013008056,4.177335
9.853871964321762,8.153325
4.522878745280337,5.6611614
4.515700160653214,4.623206
6.376750709602099,6.906746
8.63264407897398,7.483185
5.0,4.486552
6.180456064458132,6.274952
6.455931955649724,5.6266384
2.778898880038495,3.493281
7.657577319177793,7.4215355
5.7447274948966935,5.91271
4.958607314841775,5.2447424
4.330125497510197,5.141391
5.1938200260161125,4.8467317
5.346787486224656,6.284853
6.698970004336019,5.5875483
5.710001024518514,7.4486
7.0,7.3266687
2.975514332300833,2.9403248
5.503070351926785,5.3913383
5.058488567365597,5.2620664
7.554395796726403,7.585187
6.978810700930062,6.77452
5.311580177997289,5.9047923
5.309803919971486,5.041049
7.366531544420414,7.1466646
6.6020599913279625,6.526141
4.703334809738469,4.683569
3.0,3.0089688
6.045757490560675,6.739852
4.928117992693875,4.248872
4.85078088734462,4.5765266
5.075720713938118,4.8356895
3.148130399270234,3.4430978
4.801342913045577,4.8247375
4.301029995663981,4.241839
5.958607314841775,5.4874525
7.221848749616356,5.7795496
6.718966632752273,4.8303895
8.443697499232712,9.004246
5.721246399047171,5.151102
4.345823458122039,4.5382843
6.163675884293248,6.449402
6.443697499232712,6.0658855
5.13608262304214,5.1184607
7.705533773838407,7.0287857
5.392544976785332,5.5350304
4.23381030668984,5.6914577
5.522878745280337,5.0024467
6.185086818724926,5.79828
4.759201228882668,4.560686
8.154901959985743,9.075065
5.886056647693163,6.0742106
5.055517327849831,5.175207
6.958607314841775,6.77452
4.310000017174303,4.51165
4.165579296318468,4.133995
5.0,4.329117
7.5376020021010435,7.6769066
9.096910013008056,8.856347
4.548213564475709,7.6208305
4.114243118930733,4.22745
3.6989700043360183,3.5384314
3.627824713884936,3.9255455
5.241088107602026,5.161978
4.924453038607469,4.3786526
4.073297505817355,3.9027686
7.552841968657781,7.2215223
6.8297382846050425,5.451215
8.853871964321762,8.251531
4.75559916619863,5.550906
6.522878745280337,5.354656
4.657577319177793,4.0178556
3.072000002122498,3.1468139
8.065501548756432,6.644533
8.0,8.119048
4.522878745280337,5.0439043
7.199970640755866,7.1311884
4.031517051446065,3.562487
7.522878745280337,6.549778
3.9788107009300617,7.8688946
5.200659450546418,5.087028
5.721999066068404,5.544689
6.7447274948966935,7.138438
8.3767507096021,7.405113
5.195860567664649,5.042433
7.638272163982407,7.2979336
7.346787486224656,7.013114
4.190103753397561,4.574378
4.698970004336019,5.563122
7.698970004336019,7.013114
6.269217724333611,7.2215223
4.915423722065669,4.9917965
2.6757175447023074,4.632304
8.143875555757699,8.119048
6.0,6.5167055
8.0,7.483185
6.069560405233299,5.9248867
3.629486910401408,3.3134694
5.675511766692344,5.5274935
4.0,4.7090235
4.80271944187438,5.165001
5.381951903287908,5.7795496
7.744727494896693,7.483185
7.443697499232712,6.7625637
8.070581074285707,7.284707
6.2839966563652006,5.883364
5.920818753952375,6.027262
7.481486060122112,7.012553
5.136677139879544,4.4621058
5.886056647693163,5.757024
8.221848749616356,8.177061
7.318758762624412,7.483185
6.840132152907433,5.8972244
5.555955204081924,6.5229683
4.414539270491499,4.384818
8.096910013008056,7.3411665
8.3767507096021,7.4927397
5.013228265733755,4.492473
7.439973751087107,7.492875
6.698970004336019,5.4167657
7.920818753952375,4.342122
4.4040630937308265,3.917754
4.769551078621726,5.4383407
8.154901959985743,7.358816
3.193820026016113,2.9748216
6.187086643357144,5.8501863
7.045757490560675,6.869849
4.542118103266008,5.720765
5.107905397309519,4.2442155
3.935916564036404,4.1471677
7.978810700930062,5.682312
5.2441251443275085,5.3099623
4.0,4.778838
6.0,5.4959984
5.889999848866887,6.353162
7.397940008672037,7.483185
5.058985756294431,4.968494
3.0956090799876383,3.3212626
6.028260409112222,6.481806
5.552841968657781,5.5897913
5.187086643357144,5.1974382
5.239999952707271,5.933528
4.301029995663981,3.9359841
5.0,4.8907967
4.096910013008056,4.035714
6.664000822391869,6.788224
5.119186407719209,6.5531397
2.517841304588724,2.346624
4.548213564475709,7.6208305
5.8297382846050425,5.5352697
4.17763574755845,4.395626
7.246416941107094,7.2215223
5.823908740944319,5.475159
5.991399828238082,6.629715
5.0,5.177019
6.135488918941608,6.867116
7.476253533188435,6.64312
3.6989700043360183,3.5938592
6.481486060122113,5.617898
5.221848749616356,4.5666924
7.494850021680094,7.246773
3.056505484093897,3.1849716
8.327902142064282,8.127165
4.453457336521869,4.3344274
6.913640169325252,6.700204
5.568636235841013,5.52161
7.619788758288394,6.832262
8.065501548756432,6.077445
5.994433428866706,5.2014112
6.42021640338319,7.8722897
4.8035474582966105,5.152896
5.401209493236885,5.606326
5.119186407719209,5.0742598
7.130005999878258,7.744384
4.306273051076353,4.3349166
7.1249387366083,7.36222
4.522878745280337,5.0946674
8.00480370840282,7.483185
3.8821654814562527,4.803776
5.368556230986828,5.4500647
6.838631997765025,7.022214
5.533132379645891,5.5419254
10.065501548756432,8.1028805
6.154901959985743,6.9424458
4.706637445288554,4.6314774
8.739928612014925,5.3566055
6.200659450546418,5.360772
7.086186147616283,6.878664
6.221848749616356,6.387659
3.677780705266081,3.6582708
4.91721462968355,7.4109
4.42021640338319,4.3645763
4.6020599913279625,4.645097
5.402304814074488,6.209611
6.696998446344158,6.659898
5.972242795309446,5.6436777
10.571055709964426,9.779477
5.0,5.616972
3.853871964321762,4.4800997
5.95116991347165,5.097725
6.6020599913279625,6.491766
4.0,4.1669936
5.0,4.9700985
5.82131076022441,6.0627775
4.221848749616356,4.5428247
8.522878745280337,8.169286
7.377785977033705,7.323003
4.888401475119606,5.0509744
5.8124792791635365,5.6475315
5.739928612014925,5.866705
6.94692155651658,7.0412807
7.031517051446065,7.3032093
5.522878745280337,5.5222425
5.055517327849831,5.804596
5.211831628858833,5.540057
5.679853713888946,6.1369743
5.95116991347165,6.1527433
7.156144577376839,7.4498386
9.113509274827518,8.077728
10.54729377348897,9.497166
6.1938200260161125,5.4484186
3.436518914605589,3.1788955
5.233066906162716,4.1990767
3.0,2.9748216
5.229147988357856,5.100797
7.96018944585165,7.8872185
6.301029995663981,6.906746
9.0,9.095796
5.057991946977687,4.3997602
7.022276394711152,6.906746
7.619788758288394,6.832262
5.718966632752273,6.5987854
5.962175249411658,4.9151936
7.00436480540245,7.200757
5.160704256295315,5.0132475
4.099086932262331,4.732659
7.782516055786093,7.6344757
2.1687703061329366,4.438204
5.0,5.0298505
5.0,4.2499266
5.522878745280337,5.512034
5.221848749616356,8.294715
5.275724130399211,5.2646294
5.61261017366127,5.630063
5.0,4.961606
7.92009553233328,6.376173
6.653647025549361,6.118461
7.039053804266168,7.895726
8.723538195826755,8.602848
6.619788758288394,5.6332703
7.585026652029182,7.5069704
8.259637310505756,8.956502
4.385841290490825,4.568662
4.614393726401688,6.1268854
5.190000154058473,4.882904
4.809668301829708,4.0343323
5.714442690992226,5.3490925
6.892790030352131,7.2215223
4.628932137728263,5.2617073
4.301029995663981,4.45793
7.443697499232712,7.381428
7.1938200260161125,7.411001
5.696803942579511,5.5875483
5.294992040666664,5.757984
4.640164517660112,4.722129
5.180456064458132,5.067116
7.366531544420414,7.2215223
6.910094888560602,7.983946
6.468521082957745,6.551442
4.603800652904264,4.6971464
4.6777807052660805,5.6196938
3.752026733638193,4.2695894
7.366531544420414,6.810913
5.698970004336019,5.8530736
5.0,5.255555
5.97061622231479,5.7462835
4.0,4.105429
6.1938200260161125,6.3415995
5.806875401645538,5.65899
7.0,6.906746
5.939302159646388,5.613347
1.820448208834812,4.4360685
3.0,4.7777653
9.30102999566398,8.292677
9.200659450546418,9.149961
5.721246399047171,4.2144346
5.576754126063192,6.178178
4.428291168191312,4.696823
4.698970004336019,5.815193
4.162411561764489,4.578518
4.635636645384269,4.2909265
5.055517327849831,7.621996
7.351639989019068,7.019102
7.158015195409886,6.5343914
4.799696817018415,5.047451
7.585026652029182,7.679099
6.799998134593398,6.906746
5.173277479831008,5.33074
4.064996848546345,4.108772
4.58838029403677,4.8454857
6.982966660701219,6.005226
3.875397972106661,3.9017177
6.297569463554475,6.6856575
4.251811972993799,6.038336
6.959991363986458,6.447357
4.912218582190458,4.6216097
4.251811972993799,4.9681053
6.204119982655925,6.352668
6.886056647693163,5.862664
7.267606240177032,7.573638
3.3010299956639813,4.169368
5.207608310501746,5.1783743
4.721246399047171,5.2235994
4.709965388637482,6.445446
6.54515513999149,6.906746
4.928117992693875,4.7730274
5.206209615309182,4.904619
10.397940008672036,14.187573
5.85078088734462,5.2519693
9.0,6.7775164
7.161780778092374,6.846697
5.40000018605658,5.2963676
5.823908740944319,5.837996
5.54515513999149,6.442854
5.585026652029182,5.360888
8.05551732784983,7.980938
5.281498311132726,5.072831
6.1487416512809245,6.541218
6.007000488029277,5.7491837
5.5934598195660445,5.8347664
5.259637310505756,4.9693108
5.795880017344075,4.9762344
7.443697499232712,6.5782747
5.325138859262188,4.4985933
7.549750891680639,6.971158
8.387216143280265,8.524381
4.6020599913279625,5.0992827
4.7495799976911055,4.337154
5.826813731587726,7.0121984
6.920818753952375,7.472601
4.247951552180561,5.630803
4.569441230477242,5.6745872
8.795880017344075,8.958101
5.0,5.157623
5.083019952679618,4.9098635
6.958607314841775,6.998685
4.290051983489239,4.442176
4.987162775294828,5.4242606
7.67778070526608,7.1548004
5.08460016478773,5.0002475
4.790216985151485,5.3422976
5.872344580224793,6.0136023
7.439973751087107,5.715016
7.320027305722581,6.3262935
5.510041520575165,5.6525264
4.3979400086720375,4.818299
5.1938200260161125,5.7656446
7.318758762624412,7.483185
5.309999839831227,5.339424
4.703334809738469,4.788439
7.853871964321762,7.7628756
5.698970004336019,5.5132227
9.221848749616356,9.790996
6.6020599913279625,6.906746
5.224753740259764,5.149165
7.086186147616283,6.878664
7.050609993355087,6.5273094
4.0,4.040588
5.571865205971212,5.743134
7.71331903064507,7.5074596
6.270001452716577,5.9476957
5.96617430604669,6.7203646
7.580044251510242,7.1767693
4.002569926202529,4.0831985
7.397940008672037,7.483185
3.041914151478915,4.5633955
5.11690664142431,4.9668612
5.221848749616356,5.4276495
4.399999967876858,4.543181
8.0,7.483185
5.3872161432802645,4.095834
6.102372908709558,6.252239
7.508638306165727,7.865837
6.111259039317107,5.929261
6.958607314841775,6.0451784
6.465973893943865,6.029064
7.327902142064283,6.4307985
4.0,3.4176738
6.493494967595128,7.644891
9.481486060122112,8.602848
4.998699066979582,4.5382843
5.522878745280337,5.1768622
7.494850021680094,6.7625637
5.369999510099088,5.078787
7.657577319177793,6.832262
5.571865205971212,6.2819204
3.859397691979668,4.1574335
7.744727494896693,7.483185
4.301029995663981,4.2074943
5.080921907623926,5.3438644
7.716698771296451,7.3403845
4.448428026325747,4.8053427
3.729554091982037,4.847232
6.798602875679548,6.6151686
4.224171185535387,4.434206
5.790484985457369,5.9446673
7.0,6.943612
6.056001243480467,3.726305
4.72584215073632,4.359633
5.238824186844268,6.4711323
7.045757490560675,5.942362
4.866461091629782,4.951043
5.673664139071248,5.3046255
8.744727494896694,6.2374077
8.050609993355087,7.5318413
6.419075024324381,6.4320164
4.886056647693163,5.1691847
7.73754891026957,7.706703
7.698970004336019,7.641267
5.167491087293763,4.810053
7.860120913598763,6.9387217
5.0,4.663225
4.958607314841775,7.1608315
3.639999991045884,3.472601
6.020360587777093,6.032425
6.0999990348465305,6.929778
10.776763726897002,9.873831
4.389999976337708,4.441585
5.431798275933005,4.6257763
6.7447274948966935,6.906746
5.025488307262672,5.52365
5.481486060122113,6.4440594
4.0,3.7339559
7.838631997765025,8.119048
4.005023326350309,6.2418737
4.301029995663981,4.367279
6.074687908500351,5.4498215
4.497572880015567,4.065088
4.169999984192581,5.0915346
5.334419008982047,5.2364607
6.698970004336019,6.306232
9.481486060122112,9.343805
5.920818753952375,5.05947
6.3979400086720375,6.0604305
5.318758762624412,5.3533926
6.920818753952375,6.653515
6.716698771296451,6.1987677
5.7299993321845495,6.3099937
5.823908740944319,6.670499
3.6000000054478725,3.8947597
7.657577319177793,6.832262
4.480172006224281,4.753433
7.853871964321762,7.643278
6.173925197299173,5.0221143
8.0,6.8983374
4.698970004336019,5.2369127
4.562249437179612,4.2347107
6.04875964967566,5.7671056
5.366531544420414,5.2005806
8.096910013008056,8.343506
2.6270879970298933,4.6916533
4.301029995663981,5.024173
4.0,4.2086053
7.0,6.276326
6.330683119433888,6.906746
4.853871964321762,4.835456
8.920818753952375,8.258092
